{"cameraMode":{"drawMode":0,"name":"Shaded","section":"Shading Mode"},"sceneLighting":false,"audioPlay":false,"sceneViewState":{"m_AlwaysRefresh":false,"showFog":true,"showSkybox":true,"showFlares":true,"showImageEffects":true,"showParticleSystems":true,"showVisualEffectGraphs":true,"m_FxEnabled":false},"in2DMode":false,"pivot":{"x":23.346126556396486,"y":8.131657600402832,"z":-1.721959114074707},"rotation":{"x":0.08421546965837479,"y":-0.4803270101547241,"z":0.047677721828222278,"w":0.8720091581344605},"size":22.697406768798829,"orthographic":false}