{"cameraMode":{"drawMode":0,"name":"Shaded","section":"Shading Mode"},"sceneLighting":false,"audioPlay":false,"sceneViewState":{"m_AlwaysRefresh":false,"showFog":true,"showSkybox":false,"showFlares":true,"showImageEffects":true,"showParticleSystems":true,"showVisualEffectGraphs":true,"m_FxEnabled":false},"in2DMode":false,"pivot":{"x":0.19129177927970887,"y":-0.07823839783668518,"z":-0.023822039365768434},"rotation":{"x":-0.1512344926595688,"y":0.0017727509839460254,"z":-0.00022054607688914984,"w":-0.9885424971580505},"size":0.8660253882408142,"orthographic":false}